MovieID,Title,Genre,ReleaseYear,BudgetMillions,RevenueMillions,Rating,DurationMinutes
1,The Last Kingdom,Action,2018,80,350,7.9,125
2,Love in Paris,Romance,2019,25,120,6.5,110
3,Future World,Sci-Fi,2020,150,500,8.1,140
4,Haunted Night,Horror,2017,15,60,5.9,95
5,The Great Chef,Comedy,2021,30,200,7.2,115
6,Code Breakers,Thriller,2018,50,220,7.5,130
7,Ocean Secrets,Drama,2020,40,160,6.8,118
8,Lost in Space,Sci-Fi,2019,200,800,8.6,150
9,Silent Cry,Horror,2021,20,90,6.2,100
10,Happy Times,Comedy,2018,35,180,7.0,112
11,The Hacker,Thriller,2019,60,250,7.8,128
12,Kingdoms at War,Action,2021,180,750,8.3,145
13,Deep Ocean,Documentary,2020,10,40,7.1,90
14,The Runner,Action,2017,70,300,7.4,123
15,Alien Arrival,Sci-Fi,2021,220,950,8.7,155
